Criteria,Total Patients,Eligible Patients,Total Observed Hours,Eligible Hours (all hrs),Total Business Hours,Eligible Business Hours,Proportion Eligible Hours %,Proportion Eligible BusHrs %,Proportion Eligible Patients %
Patel,32117,31576,1819188,1408861,691642,536079,77.44449721524109,77.5081617368523,98.31553382943612
TEAM,32117,30519,1819188,1427353,691642,546212,78.46099468554102,78.97322603312118,95.02444188436031
Yellow,32117,31551,1819188,1450698,691642,554159,79.74425952677788,80.12223086510073,98.2376934333842
Green,32117,29616,1819188,1143570,691642,439522,62.861562411361554,63.54761567400476,92.2128467789644
