Criteria,Total Patients,Eligible Patients,Total Observed Hours,Eligible Hours (all hrs),Total Business Hours,Eligible Business Hours,Proportion Eligible Hours %,Proportion Eligible BusHrs %,Proportion Eligible Patients %
Patel,32117,31577,5359627,3772446,2030213,1429768,70.38635337869594,70.42453181020907,98.3186474452782
TEAM,32117,30691,5359627,3971713,2030213,1509412,74.10428001799379,74.34746994527175,95.55998380919762
Yellow,32117,31553,5359627,3949174,2030213,1501300,73.68374702194761,73.94790595863587,98.24392066506834
Green,32117,30222,5359627,3128565,2030213,1191893,58.37281213785959,58.70778090771756,94.09969797926333
