Criteria,Resp Failure Only,Cardio Failure Only,Both Failures,Total Failure,Criterion Met,site_name
Green,2.844728523834729,3.938291309898185,67.73473500015568,74.51772673961304,24.814712862347044,mimic
Yellow,0.0,0.0,70.40614241678861,70.40612230763841,29.593857583211385,mimic
Patel,0.5000869321543108,4.573604539651898,66.4601153283308,71.53377693094752,28.466207709312823,mimic
TEAM,1.378889155276022,1.852900706790796,66.79301301491422,70.02477192903426,29.975202011395833,mimic
