calendar_day,patel_flag,team_flag,any_yellow_or_green_no_red,all_green,site_name
1,6.067005012921506,5.941183796743158,6.188965345455678,4.983342155244886,mimic
2,6.701054190318373,6.933645947184712,6.938264640552833,5.740260198145471,mimic
3,6.852440673224859,7.19623292461187,7.1907781248543055,5.911091426173714,mimic
