calendar_day,patel_flag,team_flag,any_yellow_or_green_no_red,all_green,site_name
1,6.067005012921506,5.941183796743158,6.188965345455678,4.983342155244886,mimic
2,6.705214540069809,6.937947325741282,6.94242499030427,5.743574375066108,mimic
3,6.862668344284449,7.207232396663405,7.200848128990168,5.9200801528496205,mimic
