criteria,total_blocks,trach_blocks,trach_percentage
Patel,204,108,52.94117647058824
TEAM,281,110,39.14590747330961
Yellow,189,106,56.08465608465608
Green,393,142,36.1323155216285
