Criteria,AllDay_Eligible_Hours,Weekday_Eligible_Hours,Difference,Percent_Change
Patel,1429768,1022188,-407580,-28.50672276900868
TEAM,1509412,1079261,-430151,-28.497918394712645
Yellow,1501300,1073169,-428131,-28.517351628588557
Green,1218891,871312,-347579,-28.516003481853584
