criterion,prop_hours_failed,encounters_never_met,encounter_failure_rate,total_failed_encounters,criteria_name,site_name,total_encounters,failed_encounters
paralytics_flag,0.9952670544685351,889,0.9279749478079332,958,Patel,mimic,32117,958
patel_cardio_flag,0.9835801163405605,856,0.8935281837160751,958,Patel,mimic,32117,958
patel_resp_flag,0.9654680063458487,679,0.708768267223382,958,Patel,mimic,32117,958
hourly_trach,0.33744050766790057,834,0.8705636743215032,958,Patel,mimic,32117,958
patel_map_flag,0.23225806451612904,66,0.06889352818371608,958,Patel,mimic,32117,958
patel_spo2_flag,0.08558963511369645,58,0.060542797494780795,958,Patel,mimic,32117,958
patel_pulse_flag,0.06348492860920148,18,0.018789144050104383,958,Patel,mimic,32117,958
patel_resp_rate_flag,0.04836065573770492,13,0.013569937369519834,958,Patel,mimic,32117,958
patel_sbp_flag,0.002088841882601798,0,0.0,958,Patel,mimic,32117,958
